emp001,Terri,Hosby,Account Executive,Male,886-738-3564
emp002,Tamera,Gencke,Mechanical Systems Engineer,Female,224-669-4659
emp003,Hermann,Dovidian,Research Assistant IV,Male,532-696-9747
emp004,Elijah,Morin,Automation Specialist II,Male,270-157-2941
emp005,Brittaney,Lavigne,Help Desk Operator,Female,546-587-6198
emp006,Hamish,Frodsham,Executive Secretary,Male,507-712-1933
emp007,Linnie,Set,Programmer Analyst II,Female,278-631-4765
emp008,Royal,Kubacek,Analog Circuit Design manager,Male,544-996-3523
emp009,Shanan,Coddington,Sales Representative,Genderqueer,447-669-6052
emp010,Katalin,Bratty,Compensation Analyst,Female,276-302-1708
emp011,Eirena,Ding,Internal Auditor,Female,767-282-7511
emp012,Upton,Thorogood,Assistant Manager,Male,952-413-3348
emp013,Ethel,Brickstock,Director of Sales,Female,860-509-6829
emp014,Petronia,Newns,Speech Pathologist,Female,905-135-4737
emp015,Warren,Worner,Food Chemist,Male,823-526-4451
emp016,Immanuel,Salzburg,Internal Auditor,Male,120-740-3681
emp017,Meggi,Coppo,Financial Analyst,Female,247-496-2736
emp018,Dinnie,Fookes,Project Manager,Female,226-635-2327
emp019,Nikaniki,Meatyard,Senior Editor,Female,308-267-6012
emp020,Wake,Franz-Schoninger,Accounting Assistant I,Male,912-858-9545
